{
  "name": "mobilenet_v3_small-cpu-fp32",
  "timestamp": 1779732061,
  "hostname": "DESKTOP",
  "device": "cpu",
  "system": {
    "os": "Linux-6.12.90+deb13-amd64-x86_64-with-glibc2.41",
    "python": "3.11.15",
    "cpu_count": 16,
    "torch_version": "2.12.0+cu130"
  },
  "latency": {
    "warmup": 5,
    "repeat": 30,
    "device": "cpu",
    "latency_mean_ms": 4.809670133333081,
    "latency_std_ms": 0.4363010005421059,
    "latency_p50_ms": 4.698515000200132,
    "latency_p95_ms": 5.473199599873623,
    "latency_p99_ms": 6.273274789691642,
    "latency_min_ms": 4.193962000499596,
    "latency_max_ms": 6.515815999591723,
    "fps_estimate": 207.91446653889426
  },
  "memory": {
    "iters": 20,
    "device": "cpu",
    "cpu_rss_baseline_mb": 692.33984375,
    "cpu_rss_peak_mb": 692.84375,
    "cpu_rss_delta_mb": 0.50390625,
    "cpu_rss_samples": 4
  },
  "pipeline": {
    "duration_s": 2.001515047000794,
    "iters": 394,
    "fps_end_to_end": 196.85088083169614,
    "latency_per_iter_mean_ms": 5.077642855314184,
    "latency_per_iter_p50_ms": 4.863555999691016,
    "latency_per_iter_p95_ms": 6.53307769953244,
    "latency_per_iter_p99_ms": 8.763384220255826
  },
  "extras": {
    "model": "mobilenet_v3_small",
    "input_shape": [
      1,
      3,
      224,
      224
    ],
    "params_millions": 2.54
  }
}